{
  "n": 411164,
  "slide": {
    "width": 46711,
    "height": 39030
  },
  "umap": {
    "xmin": -7.289532661437988,
    "xmax": 12.80683422088623,
    "ymin": -5.236215591430664,
    "ymax": 17.54172134399414
  },
  "attributes": {
    "kmeans": {
      "type": "categorical",
      "categories": [
        "0",
        "1",
        "2",
        "3"
      ]
    },
    "leiden": {
      "type": "categorical",
      "categories": [
        "0",
        "1",
        "2",
        "3",
        "4",
        "5",
        "6",
        "7",
        "8",
        "9",
        "10",
        "11",
        "12",
        "13",
        "14",
        "15",
        "16",
        "17"
      ]
    }
  }
}